{
  "kind": "platt",
  "a": 0.5531201530343495,
  "b": 1.4787306789578198
}